
{
  "header": {
    "reportVersion": 1,
    "event": "Allocation failed - JavaScript heap out of memory",
    "trigger": "FatalError",
    "filename": "report.20200108.180359.8632.0.001.json",
    "dumpEventTime": "2020-01-08T18:03:59Z",
    "dumpEventTimeStamp": "1578486839751",
    "processId": 8632,
    "cwd": "D:\\xampp\\htdocs\\Projects\\on-boarding-theme",
    "commandLine": [
      "C:\\Program Files\\nodejs\\node.exe",
      "C:\\Program Files\\JetBrains\\PhpStorm 2019.3.1\\plugins\\JavaScriptLanguage\\jsLanguageServicesImpl\\js-language-service.js",
      "-id=1578478871855",
      "-debug-name=typescript"
    ],
    "nodejsVersion": "v13.5.0",
    "wordSize": 64,
    "arch": "x64",
    "platform": "win32",
    "componentVersions": {
      "node": "13.5.0",
      "v8": "7.9.317.25-node.23",
      "uv": "1.34.0",
      "zlib": "1.2.11",
      "brotli": "1.0.7",
      "ares": "1.15.0",
      "modules": "79",
      "nghttp2": "1.40.0",
      "napi": "5",
      "llhttp": "2.0.1",
      "openssl": "1.1.1d",
      "cldr": "36.0",
      "icu": "65.1",
      "tz": "2019c",
      "unicode": "12.1"
    },
    "release": {
      "name": "node",
      "headersUrl": "https://nodejs.org/download/release/v13.5.0/node-v13.5.0-headers.tar.gz",
      "sourceUrl": "https://nodejs.org/download/release/v13.5.0/node-v13.5.0.tar.gz",
      "libUrl": "https://nodejs.org/download/release/v13.5.0/win-x64/node.lib"
    },
    "osName": "Windows_NT",
    "osRelease": "10.0.18363",
    "osVersion": "Windows 10 Pro",
    "osMachine": "x86_64",
    "cpus": [
      {
        "model": "Intel(R) Core(TM) i7-9700K CPU @ 3.60GHz",
        "speed": 3600,
        "user": 167796,
        "nice": 0,
        "sys": 263375,
        "idle": 8740640,
        "irq": 21203
      },
      {
        "model": "Intel(R) Core(TM) i7-9700K CPU @ 3.60GHz",
        "speed": 3600,
        "user": 418593,
        "nice": 0,
        "sys": 273625,
        "idle": 8479421,
        "irq": 2718
      },
      {
        "model": "Intel(R) Core(TM) i7-9700K CPU @ 3.60GHz",
        "speed": 3600,
        "user": 222250,
        "nice": 0,
        "sys": 178093,
        "idle": 8771296,
        "irq": 2171
      },
      {
        "model": "Intel(R) Core(TM) i7-9700K CPU @ 3.60GHz",
        "speed": 3600,
        "user": 278859,
        "nice": 0,
        "sys": 239250,
        "idle": 8653531,
        "irq": 1921
      },
      {
        "model": "Intel(R) Core(TM) i7-9700K CPU @ 3.60GHz",
        "speed": 3600,
        "user": 175625,
        "nice": 0,
        "sys": 169640,
        "idle": 8826375,
        "irq": 1750
      },
      {
        "model": "Intel(R) Core(TM) i7-9700K CPU @ 3.60GHz",
        "speed": 3600,
        "user": 315015,
        "nice": 0,
        "sys": 190421,
        "idle": 8666203,
        "irq": 3312
      },
      {
        "model": "Intel(R) Core(TM) i7-9700K CPU @ 3.60GHz",
        "speed": 3600,
        "user": 212296,
        "nice": 0,
        "sys": 221843,
        "idle": 8737500,
        "irq": 1906
      },
      {
        "model": "Intel(R) Core(TM) i7-9700K CPU @ 3.60GHz",
        "speed": 3600,
        "user": 261437,
        "nice": 0,
        "sys": 225250,
        "idle": 8684953,
        "irq": 3078
      }
    ],
    "networkInterfaces": [
      {
        "name": "Ethernet",
        "internal": false,
        "mac": "04:d9:f5:5e:18:2c",
        "address": "fe80::6d5d:bf35:6209:5424",
        "netmask": "ffff:ffff:ffff:ffff::",
        "family": "IPv6",
        "scopeid": 10
      },
      {
        "name": "Ethernet",
        "internal": false,
        "mac": "04:d9:f5:5e:18:2c",
        "address": "172.16.22.81",
        "netmask": "255.255.0.0",
        "family": "IPv4"
      },
      {
        "name": "Loopback Pseudo-Interface 1",
        "internal": true,
        "mac": "00:00:00:00:00:00",
        "address": "::1",
        "netmask": "ffff:ffff:ffff:ffff:ffff:ffff:ffff:ffff",
        "family": "IPv6",
        "scopeid": 0
      },
      {
        "name": "Loopback Pseudo-Interface 1",
        "internal": true,
        "mac": "00:00:00:00:00:00",
        "address": "127.0.0.1",
        "netmask": "255.0.0.0",
        "family": "IPv4"
      }
    ],
    "host": "DESKTOP-QBV6NUV"
  },
  "javascriptStack": {
    "message": "No stack.",
    "stack": [
      "Unavailable."
    ]
  },
  "nativeStack": [
    {
      "pc": "0x00007ff7422919f9",
      "symbol": ""
    },
    {
      "pc": "0x00007ff742295d6c",
      "symbol": ""
    },
    {
      "pc": "0x00007ff742294d28",
      "symbol": ""
    },
    {
      "pc": "0x00007ff74238ddfb",
      "symbol": ""
    },
    {
      "pc": "0x00007ff742bb5c2e",
      "symbol": ""
    },
    {
      "pc": "0x00007ff742b9d381",
      "symbol": ""
    },
    {
      "pc": "0x00007ff742a646dc",
      "symbol": ""
    },
    {
      "pc": "0x00007ff742a6c72f",
      "symbol": ""
    },
    {
      "pc": "0x00007ff742a61c53",
      "symbol": ""
    },
    {
      "pc": "0x00007ff742a603e4",
      "symbol": ""
    },
    {
      "pc": "0x00007ff742a823d4",
      "symbol": ""
    },
    {
      "pc": "0x00007ff7427dc9d1",
      "symbol": ""
    },
    {
      "pc": "0x00007ff742ffebcd",
      "symbol": ""
    },
    {
      "pc": "0x0000030856786d8f",
      "symbol": ""
    }
  ],
  "javascriptHeap": {
    "totalMemory": 266584064,
    "totalCommittedMemory": 266584064,
    "usedMemory": 264013216,
    "availableMemory": 1933643304,
    "memoryLimit": 2197815296,
    "heapSpaces": {
      "read_only_space": {
        "memorySize": 262144,
        "committedMemory": 262144,
        "capacity": 33040,
        "used": 33040,
        "available": 0
      },
      "new_space": {
        "memorySize": 1048576,
        "committedMemory": 1048576,
        "capacity": 1047424,
        "used": 1047376,
        "available": 48
      },
      "old_space": {
        "memorySize": 237903872,
        "committedMemory": 237903872,
        "capacity": 237354288,
        "used": 236848536,
        "available": 505752
      },
      "code_space": {
        "memorySize": 2789376,
        "committedMemory": 2789376,
        "capacity": 2467168,
        "used": 1981920,
        "available": 485248
      },
      "map_space": {
        "memorySize": 1052672,
        "committedMemory": 1052672,
        "capacity": 1051040,
        "used": 677440,
        "available": 373600
      },
      "large_object_space": {
        "memorySize": 23478272,
        "committedMemory": 23478272,
        "capacity": 23422120,
        "used": 23422120,
        "available": 0
      },
      "code_large_object_space": {
        "memorySize": 49152,
        "committedMemory": 49152,
        "capacity": 2784,
        "used": 2784,
        "available": 0
      },
      "new_large_object_space": {
        "memorySize": 0,
        "committedMemory": 0,
        "capacity": 1047424,
        "used": 0,
        "available": 1047424
      }
    }
  },
  "resourceUsage": {
    "userCpuSeconds": 27.125,
    "kernelCpuSeconds": 6.25,
    "cpuConsumptionPercent": 0.418916,
    "maxRss": 525795328,
    "pageFaults": {
      "IORequired": 802480,
      "IONotRequired": 0
    },
    "fsActivity": {
      "reads": 7103,
      "writes": 1571
    }
  },
  "libuv": [
  ],
  "environmentVariables": {
    "=::": "::\\",
    "ALLUSERSPROFILE": "C:\\ProgramData",
    "APPDATA": "C:\\Users\\sivachandru\\AppData\\Roaming",
    "CommonProgramFiles": "C:\\Program Files\\Common Files",
    "CommonProgramFiles(x86)": "C:\\Program Files (x86)\\Common Files",
    "CommonProgramW6432": "C:\\Program Files\\Common Files",
    "COMPUTERNAME": "DESKTOP-QBV6NUV",
    "ComSpec": "C:\\Windows\\system32\\cmd.exe",
    "DriverData": "C:\\Windows\\System32\\Drivers\\DriverData",
    "FPS_BROWSER_APP_PROFILE_STRING": "Internet Explorer",
    "FPS_BROWSER_USER_PROFILE_STRING": "Default",
    "HOMEDRIVE": "C:",
    "HOMEPATH": "\\Users\\sivachandru",
    "IDEA_INITIAL_DIRECTORY": "C:\\Users\\sivachandru\\Desktop",
    "LOCALAPPDATA": "C:\\Users\\sivachandru\\AppData\\Local",
    "LOGONSERVER": "\\\\DESKTOP-QBV6NUV",
    "NUMBER_OF_PROCESSORS": "8",
    "OneDrive": "C:\\Users\\sivachandru\\OneDrive",
    "OS": "Windows_NT",
    "Path": "C:\\Windows\\system32;C:\\Windows;C:\\Windows\\System32\\Wbem;C:\\Windows\\System32\\WindowsPowerShell\\v1.0\\;C:\\Windows\\System32\\OpenSSH\\;C:\\Program Files (x86)\\Windows Live\\Shared;D:\\xampp\\php;C:\\Program Files\\nodejs\\;E:\\wamp\\bin\\php\\php5.5.12;C:\\ProgramData\\ComposerSetup\\bin;C:\\Users\\sivachandru\\AppData\\Local\\Microsoft\\WindowsApps;;C:\\Users\\sivachandru\\AppData\\Local\\Programs\\Microsoft VS Code\\bin;C:\\Users\\sivachandru\\AppData\\Roaming\\npm;C:\\Program Files\\JetBrains\\PhpStorm 2019.3.1\\bin;;C:\\Users\\sivachandru\\AppData\\Roaming\\Composer\\vendor\\bin",
    "PATHEXT": ".COM;.EXE;.BAT;.CMD;.VBS;.VBE;.JS;.JSE;.WSF;.WSH;.MSC",
    "PhpStorm": "C:\\Program Files\\JetBrains\\PhpStorm 2019.3.1\\bin;",
    "PROCESSOR_ARCHITECTURE": "AMD64",
    "PROCESSOR_IDENTIFIER": "Intel64 Family 6 Model 158 Stepping 13, GenuineIntel",
    "PROCESSOR_LEVEL": "6",
    "PROCESSOR_REVISION": "9e0d",
    "ProgramData": "C:\\ProgramData",
    "ProgramFiles": "C:\\Program Files",
    "ProgramFiles(x86)": "C:\\Program Files (x86)",
    "ProgramW6432": "C:\\Program Files",
    "PSModulePath": "C:\\Program Files\\WindowsPowerShell\\Modules;C:\\Windows\\system32\\WindowsPowerShell\\v1.0\\Modules",
    "PUBLIC": "C:\\Users\\Public",
    "SESSIONNAME": "Console",
    "SystemDrive": "C:",
    "SystemRoot": "C:\\Windows",
    "TEMP": "C:\\Users\\SIVACH~1\\AppData\\Local\\Temp",
    "TMP": "C:\\Users\\SIVACH~1\\AppData\\Local\\Temp",
    "USERDOMAIN": "DESKTOP-QBV6NUV",
    "USERDOMAIN_ROAMINGPROFILE": "DESKTOP-QBV6NUV",
    "USERNAME": "sivachandru",
    "USERPROFILE": "C:\\Users\\sivachandru",
    "windir": "C:\\Windows"
  },
  "sharedObjects": [
    "C:\\Program Files\\nodejs\\node.exe",
    "C:\\Windows\\SYSTEM32\\ntdll.dll",
    "C:\\Windows\\System32\\KERNEL32.DLL",
    "C:\\Windows\\System32\\KERNELBASE.dll",
    "C:\\Windows\\System32\\WS2_32.dll",
    "C:\\Windows\\System32\\RPCRT4.dll",
    "C:\\Windows\\SYSTEM32\\dbghelp.dll",
    "C:\\Windows\\System32\\PSAPI.DLL",
    "C:\\Windows\\System32\\ADVAPI32.dll",
    "C:\\Windows\\System32\\ucrtbase.dll",
    "C:\\Windows\\System32\\msvcrt.dll",
    "C:\\Windows\\System32\\sechost.dll",
    "C:\\Windows\\SYSTEM32\\IPHLPAPI.DLL",
    "C:\\Windows\\SYSTEM32\\USERENV.dll",
    "C:\\Windows\\System32\\USER32.dll",
    "C:\\Windows\\System32\\profapi.dll",
    "C:\\Windows\\System32\\win32u.dll",
    "C:\\Windows\\System32\\GDI32.dll",
    "C:\\Windows\\System32\\gdi32full.dll",
    "C:\\Windows\\System32\\msvcp_win.dll",
    "C:\\Windows\\System32\\CRYPT32.dll",
    "C:\\Windows\\System32\\MSASN1.dll",
    "C:\\Windows\\System32\\bcrypt.dll",
    "C:\\Windows\\SYSTEM32\\WINMM.dll",
    "C:\\Windows\\SYSTEM32\\WINMMBASE.dll",
    "C:\\Windows\\System32\\cfgmgr32.dll",
    "C:\\Windows\\System32\\bcryptPrimitives.dll",
    "C:\\Windows\\System32\\IMM32.DLL",
    "C:\\Windows\\System32\\powrprof.dll",
    "C:\\Windows\\System32\\UMPDC.dll",
    "C:\\Windows\\SYSTEM32\\CRYPTBASE.DLL",
    "C:\\Windows\\system32\\uxtheme.dll",
    "C:\\Windows\\System32\\combase.dll",
    "C:\\Windows\\system32\\mswsock.dll",
    "C:\\Windows\\System32\\kernel.appcore.dll",
    "C:\\Windows\\System32\\NSI.dll",
    "C:\\Windows\\SYSTEM32\\dhcpcsvc6.DLL",
    "C:\\Windows\\SYSTEM32\\dhcpcsvc.DLL",
    "C:\\Windows\\SYSTEM32\\DNSAPI.dll",
    "C:\\Windows\\system32\\napinsp.dll",
    "C:\\Windows\\system32\\pnrpnsp.dll",
    "C:\\Windows\\system32\\NLAapi.dll"
  ]
}