
{
  "header": {
    "reportVersion": 1,
    "event": "Allocation failed - JavaScript heap out of memory",
    "trigger": "FatalError",
    "filename": "report.20200110.204632.9020.0.001.json",
    "dumpEventTime": "2020-01-10T20:46:32Z",
    "dumpEventTimeStamp": "1578669392352",
    "processId": 9020,
    "cwd": "D:\\xampp\\htdocs\\Projects\\on-boarding-theme",
    "commandLine": [
      "C:\\Program Files\\nodejs\\node.exe",
      "C:\\Program Files\\JetBrains\\PhpStorm 2019.3.1\\plugins\\JavaScriptLanguage\\jsLanguageServicesImpl\\js-language-service.js",
      "-id=1578665559254",
      "-debug-name=typescript"
    ],
    "nodejsVersion": "v13.5.0",
    "wordSize": 64,
    "arch": "x64",
    "platform": "win32",
    "componentVersions": {
      "node": "13.5.0",
      "v8": "7.9.317.25-node.23",
      "uv": "1.34.0",
      "zlib": "1.2.11",
      "brotli": "1.0.7",
      "ares": "1.15.0",
      "modules": "79",
      "nghttp2": "1.40.0",
      "napi": "5",
      "llhttp": "2.0.1",
      "openssl": "1.1.1d",
      "cldr": "36.0",
      "icu": "65.1",
      "tz": "2019c",
      "unicode": "12.1"
    },
    "release": {
      "name": "node",
      "headersUrl": "https://nodejs.org/download/release/v13.5.0/node-v13.5.0-headers.tar.gz",
      "sourceUrl": "https://nodejs.org/download/release/v13.5.0/node-v13.5.0.tar.gz",
      "libUrl": "https://nodejs.org/download/release/v13.5.0/win-x64/node.lib"
    },
    "osName": "Windows_NT",
    "osRelease": "10.0.18363",
    "osVersion": "Windows 10 Pro",
    "osMachine": "x86_64",
    "cpus": [
      {
        "model": "Intel(R) Core(TM) i7-9700K CPU @ 3.60GHz",
        "speed": 3600,
        "user": 261484,
        "nice": 0,
        "sys": 301984,
        "idle": 7892640,
        "irq": 34468
      },
      {
        "model": "Intel(R) Core(TM) i7-9700K CPU @ 3.60GHz",
        "speed": 3600,
        "user": 693156,
        "nice": 0,
        "sys": 259781,
        "idle": 7503000,
        "irq": 4796
      },
      {
        "model": "Intel(R) Core(TM) i7-9700K CPU @ 3.60GHz",
        "speed": 3600,
        "user": 357328,
        "nice": 0,
        "sys": 199437,
        "idle": 7899171,
        "irq": 4015
      },
      {
        "model": "Intel(R) Core(TM) i7-9700K CPU @ 3.60GHz",
        "speed": 3600,
        "user": 342421,
        "nice": 0,
        "sys": 192296,
        "idle": 7921218,
        "irq": 2937
      },
      {
        "model": "Intel(R) Core(TM) i7-9700K CPU @ 3.60GHz",
        "speed": 3600,
        "user": 243484,
        "nice": 0,
        "sys": 149750,
        "idle": 8062703,
        "irq": 2875
      },
      {
        "model": "Intel(R) Core(TM) i7-9700K CPU @ 3.60GHz",
        "speed": 3600,
        "user": 344734,
        "nice": 0,
        "sys": 168640,
        "idle": 7942562,
        "irq": 4390
      },
      {
        "model": "Intel(R) Core(TM) i7-9700K CPU @ 3.60GHz",
        "speed": 3600,
        "user": 278187,
        "nice": 0,
        "sys": 199781,
        "idle": 7977968,
        "irq": 4171
      },
      {
        "model": "Intel(R) Core(TM) i7-9700K CPU @ 3.60GHz",
        "speed": 3600,
        "user": 389937,
        "nice": 0,
        "sys": 226609,
        "idle": 7839390,
        "irq": 4078
      }
    ],
    "networkInterfaces": [
      {
        "name": "Ethernet",
        "internal": false,
        "mac": "04:d9:f5:5e:18:2c",
        "address": "fe80::6d5d:bf35:6209:5424",
        "netmask": "ffff:ffff:ffff:ffff::",
        "family": "IPv6",
        "scopeid": 10
      },
      {
        "name": "Ethernet",
        "internal": false,
        "mac": "04:d9:f5:5e:18:2c",
        "address": "172.16.22.81",
        "netmask": "255.255.0.0",
        "family": "IPv4"
      },
      {
        "name": "Loopback Pseudo-Interface 1",
        "internal": true,
        "mac": "00:00:00:00:00:00",
        "address": "::1",
        "netmask": "ffff:ffff:ffff:ffff:ffff:ffff:ffff:ffff",
        "family": "IPv6",
        "scopeid": 0
      },
      {
        "name": "Loopback Pseudo-Interface 1",
        "internal": true,
        "mac": "00:00:00:00:00:00",
        "address": "127.0.0.1",
        "netmask": "255.0.0.0",
        "family": "IPv4"
      }
    ],
    "host": "DESKTOP-QBV6NUV"
  },
  "javascriptStack": {
    "message": "No stack.",
    "stack": [
      "Unavailable."
    ]
  },
  "nativeStack": [
    {
      "pc": "0x00007ff6390119f9",
      "symbol": ""
    },
    {
      "pc": "0x00007ff639015d6c",
      "symbol": ""
    },
    {
      "pc": "0x00007ff639014d28",
      "symbol": ""
    },
    {
      "pc": "0x00007ff63910ddfb",
      "symbol": ""
    },
    {
      "pc": "0x00007ff639935c2e",
      "symbol": ""
    },
    {
      "pc": "0x00007ff63991d381",
      "symbol": ""
    },
    {
      "pc": "0x00007ff6397e46dc",
      "symbol": ""
    },
    {
      "pc": "0x00007ff6397ec72f",
      "symbol": ""
    },
    {
      "pc": "0x00007ff6397e1c53",
      "symbol": ""
    },
    {
      "pc": "0x00007ff6397e03e4",
      "symbol": ""
    },
    {
      "pc": "0x00007ff6398023d4",
      "symbol": ""
    },
    {
      "pc": "0x00007ff63955c9d1",
      "symbol": ""
    },
    {
      "pc": "0x00007ff639d7ebcd",
      "symbol": ""
    },
    {
      "pc": "0x00007ff639d7fbb8",
      "symbol": ""
    },
    {
      "pc": "0x000002b7f41495df",
      "symbol": ""
    }
  ],
  "javascriptHeap": {
    "totalMemory": 191827968,
    "totalCommittedMemory": 191827968,
    "usedMemory": 187428784,
    "availableMemory": 2010638536,
    "memoryLimit": 2197815296,
    "heapSpaces": {
      "read_only_space": {
        "memorySize": 262144,
        "committedMemory": 262144,
        "capacity": 33040,
        "used": 33040,
        "available": 0
      },
      "new_space": {
        "memorySize": 1048576,
        "committedMemory": 1048576,
        "capacity": 1047424,
        "used": 1047408,
        "available": 16
      },
      "old_space": {
        "memorySize": 163717120,
        "committedMemory": 163717120,
        "capacity": 163377568,
        "used": 160722696,
        "available": 2654872
      },
      "code_space": {
        "memorySize": 2265088,
        "committedMemory": 2265088,
        "capacity": 2149792,
        "used": 1589056,
        "available": 560736
      },
      "map_space": {
        "memorySize": 1052672,
        "committedMemory": 1052672,
        "capacity": 1050800,
        "used": 662640,
        "available": 388160
      },
      "large_object_space": {
        "memorySize": 23130112,
        "committedMemory": 23130112,
        "capacity": 23081816,
        "used": 23081816,
        "available": 0
      },
      "code_large_object_space": {
        "memorySize": 352256,
        "committedMemory": 352256,
        "capacity": 292128,
        "used": 292128,
        "available": 0
      },
      "new_large_object_space": {
        "memorySize": 0,
        "committedMemory": 0,
        "capacity": 1047424,
        "used": 0,
        "available": 1047424
      }
    }
  },
  "resourceUsage": {
    "userCpuSeconds": 21.89,
    "kernelCpuSeconds": 6.125,
    "cpuConsumptionPercent": 0.730699,
    "maxRss": 422232064,
    "pageFaults": {
      "IORequired": 677964,
      "IONotRequired": 0
    },
    "fsActivity": {
      "reads": 5571,
      "writes": 756
    }
  },
  "libuv": [
  ],
  "environmentVariables": {
    "=::": "::\\",
    "ALLUSERSPROFILE": "C:\\ProgramData",
    "APPDATA": "C:\\Users\\sivachandru\\AppData\\Roaming",
    "CommonProgramFiles": "C:\\Program Files\\Common Files",
    "CommonProgramFiles(x86)": "C:\\Program Files (x86)\\Common Files",
    "CommonProgramW6432": "C:\\Program Files\\Common Files",
    "COMPUTERNAME": "DESKTOP-QBV6NUV",
    "ComSpec": "C:\\Windows\\system32\\cmd.exe",
    "DriverData": "C:\\Windows\\System32\\Drivers\\DriverData",
    "HOMEDRIVE": "C:",
    "HOMEPATH": "\\Users\\sivachandru",
    "IDEA_INITIAL_DIRECTORY": "C:\\Users\\sivachandru\\Desktop",
    "LOCALAPPDATA": "C:\\Users\\sivachandru\\AppData\\Local",
    "LOGONSERVER": "\\\\DESKTOP-QBV6NUV",
    "NUMBER_OF_PROCESSORS": "8",
    "OneDrive": "C:\\Users\\sivachandru\\OneDrive",
    "OS": "Windows_NT",
    "Path": "C:\\Windows\\system32;C:\\Windows;C:\\Windows\\System32\\Wbem;C:\\Windows\\System32\\WindowsPowerShell\\v1.0\\;C:\\Windows\\System32\\OpenSSH\\;C:\\Program Files (x86)\\Windows Live\\Shared;D:\\xampp\\php;C:\\Program Files\\nodejs\\;E:\\wamp\\bin\\php\\php5.5.12;C:\\ProgramData\\ComposerSetup\\bin;C:\\Users\\sivachandru\\AppData\\Local\\Microsoft\\WindowsApps;;C:\\Users\\sivachandru\\AppData\\Roaming\\npm;C:\\Program Files\\JetBrains\\PhpStorm 2019.3.1\\bin;;C:\\Users\\sivachandru\\AppData\\Roaming\\Composer\\vendor\\bin",
    "PATHEXT": ".COM;.EXE;.BAT;.CMD;.VBS;.VBE;.JS;.JSE;.WSF;.WSH;.MSC",
    "PhpStorm": "C:\\Program Files\\JetBrains\\PhpStorm 2019.3.1\\bin;",
    "PROCESSOR_ARCHITECTURE": "AMD64",
    "PROCESSOR_IDENTIFIER": "Intel64 Family 6 Model 158 Stepping 13, GenuineIntel",
    "PROCESSOR_LEVEL": "6",
    "PROCESSOR_REVISION": "9e0d",
    "ProgramData": "C:\\ProgramData",
    "ProgramFiles": "C:\\Program Files",
    "ProgramFiles(x86)": "C:\\Program Files (x86)",
    "ProgramW6432": "C:\\Program Files",
    "PSModulePath": "C:\\Program Files\\WindowsPowerShell\\Modules;C:\\Windows\\system32\\WindowsPowerShell\\v1.0\\Modules",
    "PUBLIC": "C:\\Users\\Public",
    "SESSIONNAME": "Console",
    "SystemDrive": "C:",
    "SystemRoot": "C:\\Windows",
    "TEMP": "C:\\Users\\SIVACH~1\\AppData\\Local\\Temp",
    "TMP": "C:\\Users\\SIVACH~1\\AppData\\Local\\Temp",
    "USERDOMAIN": "DESKTOP-QBV6NUV",
    "USERDOMAIN_ROAMINGPROFILE": "DESKTOP-QBV6NUV",
    "USERNAME": "sivachandru",
    "USERPROFILE": "C:\\Users\\sivachandru",
    "windir": "C:\\Windows"
  },
  "sharedObjects": [
    "C:\\Program Files\\nodejs\\node.exe",
    "C:\\Windows\\SYSTEM32\\ntdll.dll",
    "C:\\Windows\\System32\\KERNEL32.DLL",
    "C:\\Windows\\System32\\KERNELBASE.dll",
    "C:\\Windows\\System32\\WS2_32.dll",
    "C:\\Windows\\System32\\RPCRT4.dll",
    "C:\\Windows\\System32\\PSAPI.DLL",
    "C:\\Windows\\System32\\ADVAPI32.dll",
    "C:\\Windows\\System32\\msvcrt.dll",
    "C:\\Windows\\SYSTEM32\\dbghelp.dll",
    "C:\\Windows\\System32\\sechost.dll",
    "C:\\Windows\\System32\\ucrtbase.dll",
    "C:\\Windows\\System32\\USER32.dll",
    "C:\\Windows\\System32\\win32u.dll",
    "C:\\Windows\\System32\\GDI32.dll",
    "C:\\Windows\\SYSTEM32\\IPHLPAPI.DLL",
    "C:\\Windows\\System32\\gdi32full.dll",
    "C:\\Windows\\SYSTEM32\\USERENV.dll",
    "C:\\Windows\\System32\\msvcp_win.dll",
    "C:\\Windows\\System32\\profapi.dll",
    "C:\\Windows\\System32\\CRYPT32.dll",
    "C:\\Windows\\System32\\MSASN1.dll",
    "C:\\Windows\\System32\\bcrypt.dll",
    "C:\\Windows\\SYSTEM32\\WINMM.dll",
    "C:\\Windows\\SYSTEM32\\WINMMBASE.dll",
    "C:\\Windows\\System32\\cfgmgr32.dll",
    "C:\\Windows\\System32\\bcryptPrimitives.dll",
    "C:\\Windows\\System32\\IMM32.DLL",
    "C:\\Windows\\System32\\powrprof.dll",
    "C:\\Windows\\System32\\UMPDC.dll",
    "C:\\Windows\\SYSTEM32\\CRYPTBASE.DLL",
    "C:\\Windows\\system32\\uxtheme.dll",
    "C:\\Windows\\System32\\combase.dll",
    "C:\\Windows\\system32\\mswsock.dll",
    "C:\\Windows\\System32\\kernel.appcore.dll",
    "C:\\Windows\\System32\\NSI.dll",
    "C:\\Windows\\SYSTEM32\\dhcpcsvc6.DLL",
    "C:\\Windows\\SYSTEM32\\dhcpcsvc.DLL",
    "C:\\Windows\\SYSTEM32\\DNSAPI.dll",
    "C:\\Windows\\System32\\winrnr.dll"
  ]
}